T,v(t),a(t)
  0.00, 0.00000, 9.80000
  0.10, 0.98000, 9.80000
  0.20, 1.95020, 9.70200
  0.30, 2.91070, 9.60498
  0.40, 3.86159, 9.50893
  0.50, 4.80298, 9.41384
  0.60, 5.73495, 9.31970
  0.70, 6.65760, 9.22651
  0.80, 7.57102, 9.13424
  0.90, 8.47531, 9.04290
  1.00, 9.37056, 8.95247
  1.10,10.25685, 8.86294
  1.20,11.13428, 8.77431
  1.30,12.00294, 8.68657
  1.40,12.86291, 8.59971
  1.50,13.71428, 8.51371
  1.60,14.55714, 8.42857
  1.70,15.39157, 8.34429
  1.80,16.21765, 8.26084
  1.90,17.03547, 8.17824
  2.00,17.84512, 8.09645
  2.10,18.64667, 8.01549
  2.20,19.44020, 7.93533
  2.30,20.22580, 7.85598
  2.40,21.00354, 7.77742
  2.50,21.77351, 7.69965
  2.60,22.53577, 7.62265
  2.70,23.29041, 7.54642
  2.80,24.03751, 7.47096
  2.90,24.77713, 7.39625
  3.00,25.50936, 7.32229
  3.10,26.23427, 7.24906
  3.20,26.95193, 7.17657
  3.30,27.66241, 7.10481
  3.40,28.36578, 7.03376
  3.50,29.06213, 6.96342
  3.60,29.75150, 6.89379
  3.70,30.43399, 6.82485
  3.80,31.10965, 6.75660
  3.90,31.77855, 6.68903
  4.00,32.44077, 6.62214
  4.10,33.09636, 6.55592
  4.20,33.74540, 6.49036
  4.30,34.38795, 6.42546
  4.40,35.02407, 6.36121
  4.50,35.65383, 6.29759
  4.60,36.27729, 6.23462
  4.70,36.89452, 6.17227
  4.80,37.50557, 6.11055
  4.90,38.11052, 6.04944
  5.00,38.70941, 5.98895
  5.10,39.30232, 5.92906
  5.20,39.88929, 5.86977
  5.30,40.47040, 5.81107
  5.40,41.04570, 5.75296
  5.50,41.61524, 5.69543
  5.60,42.17908, 5.63848
  5.70,42.73729, 5.58209
  5.80,43.28992, 5.52627
  5.90,43.83702, 5.47101
  6.00,44.37865, 5.41630
  6.10,44.91486, 5.36213
  6.20,45.44572, 5.30851
  6.30,45.97126, 5.25543
  6.40,46.49155, 5.20287
  6.50,47.00663, 5.15085
  6.60,47.51656, 5.09934
  6.70,48.02140, 5.04834
  6.80,48.52118, 4.99786
  6.90,49.01597, 4.94788
  7.00,49.50581, 4.89840
  7.10,49.99076, 4.84942
  7.20,50.47085, 4.80092
  7.30,50.94614, 4.75292
  7.40,51.41668, 4.70539
  7.50,51.88251, 4.65833
  7.60,52.34369, 4.61175
  7.70,52.80025, 4.56563
  7.80,53.25224, 4.51998
  7.90,53.69972, 4.47478
  8.00,54.14273, 4.43003
  8.10,54.58130, 4.38573
  8.20,55.01549, 4.34187
  8.30,55.44533, 4.29845
  8.40,55.87088, 4.25547
  8.50,56.29217, 4.21291
  8.60,56.70925, 4.17078
  8.70,57.12216, 4.12908
  8.80,57.53094, 4.08778
  8.90,57.93563, 4.04691
  9.00,58.33627, 4.00644
  9.10,58.73291, 3.96637
  9.20,59.12558, 3.92671
  9.30,59.51432, 3.88744
  9.40,59.89918, 3.84857
  9.50,60.28019, 3.81008
  9.60,60.65738, 3.77198
  9.70,61.03081, 3.73426
  9.80,61.40050, 3.69692
  9.90,61.76649, 3.65995
 10.00,62.12883, 3.62335
 10.10,62.48754, 3.58712
 10.20,62.84267, 3.55125
 10.30,63.19424, 3.51573
 10.40,63.54230, 3.48058
 10.50,63.88688, 3.44577
 10.60,64.22800, 3.41131
 10.70,64.56573, 3.37720
 10.80,64.90007, 3.34343
 10.90,65.23107, 3.30999
 11.00,65.55876, 3.27689
 11.10,65.88317, 3.24412
 11.20,66.20434, 3.21168
 11.30,66.52229, 3.17957
 11.40,66.83707, 3.14777
 11.50,67.14870, 3.11629
 11.60,67.45721, 3.08513
 11.70,67.76263, 3.05428
 11.80,68.06501, 3.02374
 11.90,68.36436, 2.99350
 12.00,68.66071, 2.96356
 12.10,68.95411, 2.93393
 12.20,69.24457, 2.90459
 12.30,69.53212, 2.87554
 12.40,69.81680, 2.84679
 12.50,70.09863, 2.81832
 12.60,70.37764, 2.79014
 12.70,70.65386, 2.76224
 12.80,70.92732, 2.73461
 12.90,71.19805, 2.70727
 13.00,71.46607, 2.68019
 13.10,71.73141, 2.65339
 13.20,71.99410, 2.62686
 13.30,72.25416, 2.60059
 13.40,72.51162, 2.57458
 13.50,72.76650, 2.54884
 13.60,73.01884, 2.52335
 13.70,73.26865, 2.49812
 13.80,73.51596, 2.47314
 13.90,73.76080, 2.44840
 14.00,74.00320, 2.42392
 14.10,74.24316, 2.39968
 14.20,74.48074, 2.37568
 14.30,74.71593, 2.35193
 14.40,74.94877, 2.32841
 14.50,75.17928, 2.30512
 14.60,75.40749, 2.28207
 14.70,75.63342, 2.25925
 14.80,75.85708, 2.23666
 14.90,76.07851, 2.21429
 15.00,76.29772, 2.19215
 15.10,76.51475, 2.17023
 15.20,76.72960, 2.14853
 15.30,76.94231, 2.12704
 15.40,77.15289, 2.10577
 15.50,77.36136, 2.08471
 15.60,77.56774, 2.06386
 15.70,77.77206, 2.04323
 15.80,77.97434, 2.02279
 15.90,78.17460, 2.00257
 16.00,78.37286, 1.98254
 16.10,78.56913, 1.96271
 16.20,78.76344, 1.94309
 16.30,78.95580, 1.92366
 16.40,79.14625, 1.90442
 16.50,79.33479, 1.88538
 16.60,79.52144, 1.86652
 16.70,79.70622, 1.84786
 16.80,79.88916, 1.82938
 16.90,80.07027, 1.81108
 17.00,80.24957, 1.79297
 17.10,80.42707, 1.77504
 17.20,80.60280, 1.75729
 17.30,80.77677, 1.73972
 17.40,80.94901, 1.72232
 17.50,81.11951, 1.70510
 17.60,81.28832, 1.68805
 17.70,81.45544, 1.67117
 17.80,81.62088, 1.65446
 17.90,81.78467, 1.63791
 18.00,81.94682, 1.62153
 18.10,82.10735, 1.60532
 18.20,82.26628, 1.58926
 18.30,82.42362, 1.57337
 18.40,82.57938, 1.55764
 18.50,82.73359, 1.54206
 18.60,82.88625, 1.52664
 18.70,83.03739, 1.51137
 18.80,83.18702, 1.49626
 18.90,83.33515, 1.48130
 19.00,83.48180, 1.46648
 19.10,83.62698, 1.45182
 19.20,83.77071, 1.43730
 19.30,83.91301, 1.42293
 19.40,84.05388, 1.40870
 19.50,84.19334, 1.39461
 19.60,84.33141, 1.38067
 19.70,84.46809, 1.36686
 19.80,84.60342, 1.35319
 19.90,84.73738, 1.33966
 20.00,84.87001, 1.32626
 20.10,85.00131, 1.31300
 20.20,85.13130, 1.29987
 20.30,85.25999, 1.28687
 20.40,85.38739, 1.27400
 20.50,85.51352, 1.26126
 20.60,85.63838, 1.24865
 20.70,85.76200, 1.23616
 20.80,85.88438, 1.22380
 20.90,86.00554, 1.21156
 21.00,86.12548, 1.19945
 21.10,86.24422, 1.18745
 21.20,86.36179, 1.17558
 21.30,86.47816, 1.16382
 21.40,86.59338, 1.15218
 21.50,86.70745, 1.14066
 21.60,86.82037, 1.12925
 21.70,86.93217, 1.11796
 21.80,87.04285, 1.10678
 21.90,87.15242, 1.09572
 22.00,87.26089, 1.08476
 22.10,87.36829, 1.07391
 22.20,87.47460, 1.06317
 22.30,87.57986, 1.05254
 22.40,87.68406, 1.04201
 22.50,87.78722, 1.03159
 22.60,87.88934, 1.02128
 22.70,87.99045, 1.01107
 22.80,88.09055, 1.00096
 22.90,88.18964, 0.99095
 23.00,88.28775, 0.98104
 23.10,88.38487, 0.97123
 23.20,88.48103, 0.96151
 23.30,88.57622, 0.95190
 23.40,88.67046, 0.94238
 23.50,88.76375, 0.93295
 23.60,88.85611, 0.92363
 23.70,88.94755, 0.91439
 23.80,89.03807, 0.90525
 23.90,89.12769, 0.89619
 24.00,89.21642, 0.88723
 24.10,89.30425, 0.87836
 24.20,89.39121, 0.86957
 24.30,89.47730, 0.86088
 24.40,89.56253, 0.85227
 24.50,89.64690, 0.84375
 24.60,89.73044, 0.83531
 24.70,89.81313, 0.82696
 24.80,89.89500, 0.81869
 24.90,89.97605, 0.81050
 25.00,90.05629, 0.80239
 25.10,90.13573, 0.79437
 25.20,90.21437, 0.78643
 25.30,90.29223, 0.77856
 25.40,90.36931, 0.77078
 25.50,90.44562, 0.76307
 25.60,90.52116, 0.75544
 25.70,90.59595, 0.74788
 25.80,90.67000, 0.74040
 25.90,90.74330, 0.73300
 26.00,90.81587, 0.72567
 26.10,90.88771, 0.71841
 26.20,90.95883, 0.71123
 26.30,91.02924, 0.70412
 26.40,91.09895, 0.69708
 26.50,91.16796, 0.69010
 26.60,91.23628, 0.68320
 26.70,91.30392, 0.67637
 26.80,91.37088, 0.66961
 26.90,91.43717, 0.66291
 27.00,91.50280, 0.65628
 27.10,91.56777, 0.64972
 27.20,91.63210, 0.64322
 27.30,91.69578, 0.63679
 27.40,91.75882, 0.63042
 27.50,91.82123, 0.62412
 27.60,91.88302, 0.61788
 27.70,91.94419, 0.61170
 27.80,92.00475, 0.60558
 27.90,92.06470, 0.59953
 28.00,92.12405, 0.59353
 28.10,92.18282, 0.58759
 28.20,92.24099, 0.58172
 28.30,92.29858, 0.57590
 28.40,92.35559, 0.57014
 28.50,92.41203, 0.56444
 28.60,92.46791, 0.55880
 28.70,92.52323, 0.55321
 28.80,92.57800, 0.54768
 28.90,92.63223, 0.54220
 29.00,92.68591, 0.53678
 29.10,92.73904, 0.53141
 29.20,92.79166, 0.52610
 29.30,92.84374, 0.52083
 29.40,92.89530, 0.51563
 29.50,92.94635, 0.51047
 29.60,92.99689, 0.50537
 29.70,93.04692, 0.50031
 29.80,93.09645, 0.49531
 29.90,93.14548, 0.49035
 30.00,93.19403, 0.48545
 30.10,93.24209, 0.48060
 30.20,93.28967, 0.47579
 30.30,93.33677, 0.47103
 30.40,93.38340, 0.46632
 30.50,93.42957, 0.46166
 30.60,93.47527, 0.45704
 30.70,93.52052, 0.45247
 30.80,93.56532, 0.44795
 30.90,93.60966, 0.44347
 31.00,93.65357, 0.43903
 31.10,93.69704, 0.43464
 31.20,93.74007, 0.43030
 31.30,93.78267, 0.42599
 31.40,93.82484, 0.42173
 31.50,93.86659, 0.41752
 31.60,93.90793, 0.41334
 31.70,93.94885, 0.40921
 31.80,93.98936, 0.40511
 31.90,94.02947, 0.40106
 32.00,94.06918, 0.39705
 32.10,94.10848, 0.39308
 32.20,94.14740, 0.38915
 32.30,94.18593, 0.38526
 32.40,94.22407, 0.38141
 32.50,94.26183, 0.37759
 32.60,94.29921, 0.37382
 32.70,94.33622, 0.37008
 32.80,94.37286, 0.36638
 32.90,94.40913, 0.36271
 33.00,94.44504, 0.35909
 33.10,94.48059, 0.35550
 33.20,94.51579, 0.35194
 33.30,94.55063, 0.34842
 33.40,94.58512, 0.34494
 33.50,94.61927, 0.34149
 33.60,94.65308, 0.33807
 33.70,94.68655, 0.33469
 33.80,94.71968, 0.33135
 33.90,94.75249, 0.32803
 34.00,94.78497, 0.32475
 34.10,94.81712, 0.32150
 34.20,94.84895, 0.31829
 34.30,94.88046, 0.31511
 34.40,94.91165, 0.31195
 34.50,94.94254, 0.30883
 34.60,94.97311, 0.30575
 34.70,95.00337, 0.30269
 34.80,95.03334, 0.29966
 34.90,95.06300, 0.29667
 35.00,95.09238, 0.29370
 35.10,95.12145, 0.29076
 35.20,95.15024, 0.28785
 35.30,95.17873, 0.28498
 35.40,95.20695, 0.28213
 35.50,95.23488, 0.27931
 35.60,95.26253, 0.27651
 35.70,95.28990, 0.27375
 35.80,95.31700, 0.27101
 35.90,95.34383, 0.26830
 36.00,95.37039, 0.26562
 36.10,95.39669, 0.26296
 36.20,95.42272, 0.26033
 36.30,95.44849, 0.25773
 36.40,95.47401, 0.25515
 36.50,95.49927, 0.25260
 36.60,95.52428, 0.25007
 36.70,95.54903, 0.24757
 36.80,95.57355, 0.24510
 36.90,95.59781, 0.24265
 37.00,95.62183, 0.24022
 37.10,95.64561, 0.23782
 37.20,95.66916, 0.23544
 37.30,95.69247, 0.23308
 37.40,95.71555, 0.23075
 37.50,95.73839, 0.22845
 37.60,95.76100, 0.22616
 37.70,95.78339, 0.22390
 37.80,95.80556, 0.22166
 37.90,95.82750, 0.21944
 38.00,95.84923, 0.21725
 38.10,95.87074, 0.21508
 38.20,95.89203, 0.21293
 38.30,95.91311, 0.21080
 38.40,95.93398, 0.20869
 38.50,95.95464, 0.20660
 38.60,95.97509, 0.20454
 38.70,95.99534, 0.20249
 38.80,96.01539, 0.20047
 38.90,96.03523, 0.19846
 39.00,96.05488, 0.19648
 39.10,96.07433, 0.19451
 39.20,96.09359, 0.19257
 39.30,96.11266, 0.19064
 39.40,96.13153, 0.18873
 39.50,96.15022, 0.18685
 39.60,96.16872, 0.18498
 39.70,96.18703, 0.18313
 39.80,96.20515, 0.18130
 39.90,96.22311, 0.17948
 40.00,96.24088, 0.17769
 40.10,96.25847, 0.17591
 40.20,96.27589, 0.17415
 40.30,96.29313, 0.17241
 40.40,96.31020, 0.17069
 40.50,96.32710, 0.16898
 40.60,96.34383, 0.16729
 40.70,96.36039, 0.16562
 40.80,96.37679, 0.16396
 40.90,96.39302, 0.16232
 41.00,96.40909, 0.16070
 41.10,96.42500, 0.15909
 41.20,96.44074, 0.15750
 41.30,96.45634, 0.15593
 41.40,96.47177, 0.15437
 41.50,96.48705, 0.15282
 41.60,96.50218, 0.15129
 41.70,96.51716, 0.14978
 41.80,96.53199, 0.14828
 41.90,96.54667, 0.14680
 42.00,96.56120, 0.14533
 42.10,96.57559, 0.14388
 42.20,96.58984, 0.14244
 42.30,96.60394, 0.14102
 42.40,96.61790, 0.13961
 42.50,96.63172, 0.13821
 42.60,96.64540, 0.13683
 42.70,96.65895, 0.13546
 42.80,96.67236, 0.13410
 42.90,96.68564, 0.13276
 43.00,96.69878, 0.13144
 43.10,96.71180, 0.13012
 43.20,96.72468, 0.12882
 43.30,96.73743, 0.12753
 43.40,96.75006, 0.12626
 43.50,96.76256, 0.12499
 43.60,96.77493, 0.12374
 43.70,96.78719, 0.12251
 43.80,96.79932, 0.12128
 43.90,96.81133, 0.12007
 44.00,96.82321, 0.11887
 44.10,96.83498, 0.11768
 44.20,96.84663, 0.11650
 44.30,96.85816, 0.11534
 44.40,96.86958, 0.11418
 44.50,96.88089, 0.11304
 44.60,96.89208, 0.11191
 44.70,96.90316, 0.11079
 44.80,96.91413, 0.10968
 44.90,96.92499, 0.10859
 45.00,96.93574, 0.10750
 45.10,96.94638, 0.10643
 45.20,96.95692, 0.10536
 45.30,96.96735, 0.10431
 45.40,96.97768, 0.10327
 45.50,96.98790, 0.10223
 45.60,96.99802, 0.10121
 45.70,97.00804, 0.10020
 45.80,97.01796, 0.09920
 45.90,97.02778, 0.09820
 46.00,97.03750, 0.09722
 46.10,97.04713, 0.09625
 46.20,97.05666, 0.09529
 46.30,97.06609, 0.09433
 46.40,97.07542, 0.09339
 46.50,97.08467, 0.09246
 46.60,97.09383, 0.09153
 46.70,97.10289, 0.09062
 46.80,97.11186, 0.08971
 46.90,97.12074, 0.08881
 47.00,97.12953, 0.08793
 47.10,97.13824, 0.08705
 47.20,97.14686, 0.08618
 47.30,97.15539, 0.08531
 47.40,97.16383, 0.08446
 47.50,97.17220, 0.08362
 47.60,97.18047, 0.08278
 47.70,97.18867, 0.08195
 47.80,97.19678, 0.08113
 47.90,97.20481, 0.08032
 48.00,97.21276, 0.07952
 48.10,97.22063, 0.07872
 48.20,97.22843, 0.07794
 48.30,97.23615, 0.07716
 48.40,97.24378, 0.07639
 48.50,97.25134, 0.07562
 48.60,97.25883, 0.07487
 48.70,97.26624, 0.07412
 48.80,97.27357, 0.07338
 48.90,97.28084, 0.07264
 49.00,97.28803, 0.07192
 49.10,97.29515, 0.07120
 49.20,97.30220, 0.07048
 49.30,97.30918, 0.06978
 49.40,97.31609, 0.06908
 49.50,97.32292, 0.06839
 49.60,97.32969, 0.06771
 49.70,97.33640, 0.06703
 49.80,97.34303, 0.06636
 49.90,97.34960, 0.06570
 50.00,97.35610, 0.06504
 50.10,97.36254, 0.06439
 50.20,97.36892, 0.06375
 50.30,97.37523, 0.06311
 50.40,97.38148, 0.06248
 50.50,97.38766, 0.06185
 50.60,97.39379, 0.06123
 50.70,97.39986, 0.06062
 50.80,97.40586, 0.06001
 50.90,97.41180, 0.05941
 51.00,97.41769, 0.05882
 51.10,97.42351, 0.05823
 51.20,97.42928, 0.05765
 51.30,97.43498, 0.05707
 51.40,97.44064, 0.05650
 51.50,97.44623, 0.05594
 51.60,97.45177, 0.05538
 51.70,97.45725, 0.05482
 51.80,97.46268, 0.05427
 51.90,97.46805, 0.05373
 52.00,97.47337, 0.05320
 52.10,97.47863, 0.05266
 52.20,97.48384, 0.05214
 52.30,97.48901, 0.05162
 52.40,97.49412, 0.05110
 52.50,97.49918, 0.05059
 52.60,97.50418, 0.05008
 52.70,97.50914, 0.04958
 52.80,97.51405, 0.04909
 52.90,97.51891, 0.04860
 53.00,97.52372, 0.04811
 53.10,97.52848, 0.04763
 53.20,97.53320, 0.04715
 53.30,97.53786, 0.04668
 53.40,97.54249, 0.04621
 53.50,97.54707, 0.04575
 53.60,97.55160, 0.04529
 53.70,97.55608, 0.04484
 53.80,97.56052, 0.04439
 53.90,97.56492, 0.04395
 54.00,97.56927, 0.04351
 54.10,97.57358, 0.04307
 54.20,97.57784, 0.04264
 54.30,97.58206, 0.04222
 54.40,97.58624, 0.04179
 54.50,97.59038, 0.04138
 54.60,97.59447, 0.04096
 54.70,97.59853, 0.04055
 54.80,97.60255, 0.04015
 54.90,97.60652, 0.03975
 55.00,97.61046, 0.03935
 55.10,97.61436, 0.03895
 55.20,97.61821, 0.03856
 55.30,97.62202, 0.03818
 55.40,97.62580, 0.03780
 55.50,97.62954, 0.03742
 55.60,97.63325, 0.03705
 55.70,97.63692, 0.03668
 55.80,97.64055, 0.03631
 55.90,97.64414, 0.03595
 56.00,97.64770, 0.03559
 56.10,97.65122, 0.03523
 56.20,97.65471, 0.03488
 56.30,97.65816, 0.03453
 56.40,97.66158, 0.03418
 56.50,97.66497, 0.03384
 56.60,97.66832, 0.03350
 56.70,97.67164, 0.03317
 56.80,97.67492, 0.03284
 56.90,97.67817, 0.03251
 57.00,97.68139, 0.03218
 57.10,97.68458, 0.03186
 57.20,97.68773, 0.03154
 57.30,97.69085, 0.03123
 57.40,97.69394, 0.03092
 57.50,97.69700, 0.03061
 57.60,97.70003, 0.03030
 57.70,97.70303, 0.03000
 57.80,97.70599, 0.02970
 57.90,97.70893, 0.02940
 58.00,97.71185, 0.02911
 58.10,97.71473, 0.02882
 58.20,97.71758, 0.02853
 58.30,97.72041, 0.02824
 58.40,97.72320, 0.02796
 58.50,97.72597, 0.02768
 58.60,97.72871, 0.02740
 58.70,97.73142, 0.02713
 58.80,97.73411, 0.02686
 58.90,97.73677, 0.02659
 59.00,97.73940, 0.02632
 59.10,97.74201, 0.02606
 59.20,97.74459, 0.02580
 59.30,97.74715, 0.02554
 59.40,97.74967, 0.02529
 59.50,97.75217, 0.02503
 59.60,97.75465, 0.02478
 59.70,97.75711, 0.02453
 59.80,97.75954, 0.02429
 59.90,97.76194, 0.02405
 60.00,97.76432, 0.02381
 60.10,97.76668, 0.02357
 60.20,97.76901, 0.02333
 60.30,97.77132, 0.02310
 60.40,97.77361, 0.02287
 60.50,97.77588, 0.02264
 60.60,97.77812, 0.02241
 60.70,97.78034, 0.02219
 60.80,97.78254, 0.02197
 60.90,97.78471, 0.02175
 61.00,97.78687, 0.02153
 61.10,97.78899, 0.02131
 61.20,97.79111, 0.02110
 61.30,97.79320, 0.02089
 61.40,97.79527, 0.02068
 61.50,97.79731, 0.02047
 61.60,97.79934, 0.02027
 61.70,97.80135, 0.02007
 61.80,97.80333, 0.01987
 61.90,97.80530, 0.01967
 62.00,97.80724, 0.01947
 62.10,97.80917, 0.01928
 62.20,97.81108, 0.01908
 62.30,97.81297, 0.01889
 62.40,97.81484, 0.01870
 62.50,97.81670, 0.01852
 62.60,97.81853, 0.01833
 62.70,97.82034, 0.01815
 62.80,97.82214, 0.01797
 62.90,97.82391, 0.01779
 63.00,97.82568, 0.01761
 63.10,97.82742, 0.01743
 63.20,97.82914, 0.01726
 63.30,97.83085, 0.01709
 63.40,97.83254, 0.01692
 63.50,97.83421, 0.01675
 63.60,97.83587, 0.01658
 63.70,97.83751, 0.01641
 63.80,97.83913, 0.01625
 63.90,97.84074, 0.01609
 64.00,97.84234, 0.01593
 64.10,97.84392, 0.01577
 64.20,97.84548, 0.01561
 64.30,97.84703, 0.01545
 64.40,97.84856, 0.01530
 64.50,97.85007, 0.01514
 64.60,97.85158, 0.01499
 64.70,97.85307, 0.01484
 64.80,97.85454, 0.01469
 64.90,97.85600, 0.01455
 65.00,97.85744, 0.01440
 65.10,97.85886, 0.01426
 65.20,97.86028, 0.01411
 65.30,97.86167, 0.01397
 65.40,97.86305, 0.01383
 65.50,97.86443, 0.01369
 65.60,97.86578, 0.01356
 65.70,97.86713, 0.01342
 65.80,97.86845, 0.01329
 65.90,97.86977, 0.01315
 66.00,97.87107, 0.01302
 66.10,97.87236, 0.01289
 66.20,97.87363, 0.01276
 66.30,97.87490, 0.01264
 66.40,97.87615, 0.01251
 66.50,97.87739, 0.01238
 66.60,97.87862, 0.01226
 66.70,97.87983, 0.01214
 66.80,97.88103, 0.01202
 66.90,97.88223, 0.01190
 67.00,97.88340, 0.01178
 67.10,97.88457, 0.01166
 67.20,97.88572, 0.01154
 67.30,97.88686, 0.01143
 67.40,97.88799, 0.01131
 67.50,97.88911, 0.01120
 67.60,97.89022, 0.01109
 67.70,97.89132, 0.01098
 67.80,97.89240, 0.01087
 67.90,97.89348, 0.01076
 68.00,97.89455, 0.01065
 68.10,97.89560, 0.01055
 68.20,97.89664, 0.01044
 68.30,97.89767, 0.01034
 68.40,97.89870, 0.01023
 68.50,97.89971, 0.01013
 68.60,97.90071, 0.01003
 68.70,97.90170, 0.00993
 68.80,97.90269, 0.00983
 68.90,97.90366, 0.00973
 69.00,97.90462, 0.00963
 69.10,97.90558, 0.00954
 69.20,97.90652, 0.00944
 69.30,97.90746, 0.00935
 69.40,97.90839, 0.00925
 69.50,97.90930, 0.00916
 69.60,97.91021, 0.00907
 69.70,97.91111, 0.00898
 69.80,97.91200, 0.00889
 69.90,97.91288, 0.00880
 70.00,97.91375, 0.00871
 70.10,97.91461, 0.00863
 70.20,97.91547, 0.00854
 70.30,97.91631, 0.00845
 70.40,97.91715, 0.00837
 70.50,97.91798, 0.00828
 70.60,97.91881, 0.00820
 70.70,97.91962, 0.00812
 70.80,97.92042, 0.00804
 70.90,97.92121, 0.00796
 71.00,97.92200, 0.00788
 71.10,97.92278, 0.00780
 71.20,97.92355, 0.00772
 71.30,97.92431, 0.00765
 71.40,97.92506, 0.00757
 71.50,97.92581, 0.00749
 71.60,97.92655, 0.00742
 71.70,97.92728, 0.00734
 71.80,97.92801, 0.00727
 71.90,97.92873, 0.00720
 72.00,97.92944, 0.00713
 72.10,97.93014, 0.00706
 72.20,97.93084, 0.00699
 72.30,97.93153, 0.00692
 72.40,97.93222, 0.00685
 72.50,97.93290, 0.00678
 72.60,97.93357, 0.00671
 72.70,97.93423, 0.00664
 72.80,97.93489, 0.00658
 72.90,97.93554, 0.00651
 73.00,97.93618, 0.00645
 73.10,97.93682, 0.00638
 73.20,97.93745, 0.00632
 73.30,97.93808, 0.00625
 73.40,97.93870, 0.00619
 73.50,97.93931, 0.00613
 73.60,97.93992, 0.00607
 73.70,97.94052, 0.00601
 73.80,97.94112, 0.00595
 73.90,97.94170, 0.00589
 74.00,97.94228, 0.00583
 74.10,97.94286, 0.00577
 74.20,97.94344, 0.00571
 74.30,97.94400, 0.00566
 74.40,97.94456, 0.00560
 74.50,97.94511, 0.00554
 74.60,97.94566, 0.00549
 74.70,97.94621, 0.00543
 74.80,97.94675, 0.00538
 74.90,97.94728, 0.00533
 75.00,97.94781, 0.00527
 75.10,97.94833, 0.00522
 75.20,97.94884, 0.00517
 75.30,97.94936, 0.00512
 75.40,97.94986, 0.00506
 75.50,97.95036, 0.00501
 75.60,97.95086, 0.00496
 75.70,97.95135, 0.00491
 75.80,97.95184, 0.00487
 75.90,97.95232, 0.00482
 76.00,97.95280, 0.00477
 76.10,97.95327, 0.00472
 76.20,97.95374, 0.00467
 76.30,97.95420, 0.00463
 76.40,97.95466, 0.00458
 76.50,97.95511, 0.00453
 76.60,97.95556, 0.00449
 76.70,97.95600, 0.00444
 76.80,97.95644, 0.00440
 76.90,97.95688, 0.00436
 77.00,97.95731, 0.00431
 77.10,97.95774, 0.00427
 77.20,97.95816, 0.00423
 77.30,97.95858, 0.00418
 77.40,97.95899, 0.00414
 77.50,97.95940, 0.00410
 77.60,97.95981, 0.00406
 77.70,97.96021, 0.00402
 77.80,97.96061, 0.00398
 77.90,97.96101, 0.00394
 78.00,97.96140, 0.00390
 78.10,97.96178, 0.00386
 78.20,97.96217, 0.00382
 78.30,97.96255, 0.00378
 78.40,97.96292, 0.00375
 78.50,97.96329, 0.00371
 78.60,97.96366, 0.00367
 78.70,97.96403, 0.00363
 78.80,97.96439, 0.00360
 78.90,97.96474, 0.00356
 79.00,97.96510, 0.00353
 79.10,97.96545, 0.00349
 79.20,97.96579, 0.00346
 79.30,97.96613, 0.00342
 79.40,97.96647, 0.00339
 79.50,97.96680, 0.00335
 79.60,97.96714, 0.00332
 79.70,97.96747, 0.00329
 79.80,97.96780, 0.00325
 79.90,97.96812, 0.00322
 80.00,97.96844, 0.00319
 80.10,97.96875, 0.00316
 80.20,97.96906, 0.00313
 80.30,97.96938, 0.00309
 80.40,97.96968, 0.00306
 80.50,97.96999, 0.00303
 80.60,97.97028, 0.00300
 80.70,97.97058, 0.00297
 80.80,97.97088, 0.00294
 80.90,97.97117, 0.00291
 81.00,97.97146, 0.00288
 81.10,97.97174, 0.00285
 81.20,97.97202, 0.00283
 81.30,97.97231, 0.00280
 81.40,97.97258, 0.00277
 81.50,97.97285, 0.00274
 81.60,97.97313, 0.00271
 81.70,97.97340, 0.00269
 81.80,97.97366, 0.00266
 81.90,97.97393, 0.00263
 82.00,97.97419, 0.00261
 82.10,97.97445, 0.00258
 82.20,97.97470, 0.00256
 82.30,97.97495, 0.00253
 82.40,97.97520, 0.00250
 82.50,97.97546, 0.00248
 82.60,97.97570, 0.00245
 82.70,97.97594, 0.00243
 82.80,97.97619, 0.00241
 82.90,97.97643, 0.00238
 83.00,97.97666, 0.00236
 83.10,97.97690, 0.00233
 83.20,97.97713, 0.00231
 83.30,97.97736, 0.00229
 83.40,97.97758, 0.00226
 83.50,97.97781, 0.00224
 83.60,97.97803, 0.00222
 83.70,97.97825, 0.00220
 83.80,97.97847, 0.00218
 83.90,97.97868, 0.00215
 84.00,97.97890, 0.00213
 84.10,97.97911, 0.00211
 84.20,97.97932, 0.00209
 84.30,97.97952, 0.00207
 84.40,97.97973, 0.00205
 84.50,97.97993, 0.00203
 84.60,97.98013, 0.00201
 84.70,97.98033, 0.00199
 84.80,97.98053, 0.00197
 84.90,97.98073, 0.00195
 85.00,97.98092, 0.00193
 85.10,97.98111, 0.00191
 85.20,97.98130, 0.00189
 85.30,97.98149, 0.00187
 85.40,97.98167, 0.00185
 85.50,97.98186, 0.00183
 85.60,97.98204, 0.00181
 85.70,97.98222, 0.00180
 85.80,97.98240, 0.00178
 85.90,97.98257, 0.00176
 86.00,97.98275, 0.00174
 86.10,97.98293, 0.00173
 86.20,97.98309, 0.00171
 86.30,97.98326, 0.00169
 86.40,97.98343, 0.00167
 86.50,97.98360, 0.00166
 86.60,97.98376, 0.00164
 86.70,97.98392, 0.00162
 86.80,97.98409, 0.00161
 86.90,97.98425, 0.00159
 87.00,97.98441, 0.00158
 87.10,97.98456, 0.00156
 87.20,97.98471, 0.00154
 87.30,97.98486, 0.00153
 87.40,97.98502, 0.00151
 87.50,97.98517, 0.00150
 87.60,97.98531, 0.00148
 87.70,97.98546, 0.00147
 87.80,97.98560, 0.00145
 87.90,97.98575, 0.00144
 88.00,97.98589, 0.00143
 88.10,97.98603, 0.00141
 88.20,97.98617, 0.00140
 88.30,97.98631, 0.00138
 88.40,97.98644, 0.00137
 88.50,97.98658, 0.00136
 88.60,97.98672, 0.00134
 88.70,97.98685, 0.00133
 88.80,97.98698, 0.00132
 88.90,97.98711, 0.00130
 89.00,97.98724, 0.00129
 89.10,97.98737, 0.00128
 89.20,97.98750, 0.00126
 89.30,97.98762, 0.00125
 89.40,97.98774, 0.00124
 89.50,97.98786, 0.00123
 89.60,97.98798, 0.00121
 89.70,97.98811, 0.00120
 89.80,97.98823, 0.00119
 89.90,97.98834, 0.00118
 90.00,97.98846, 0.00117
 90.10,97.98857, 0.00115
 90.20,97.98869, 0.00114
 90.30,97.98880, 0.00113
 90.40,97.98891, 0.00112
 90.50,97.98903, 0.00111
 90.60,97.98914, 0.00110
 90.70,97.98924, 0.00109
 90.80,97.98935, 0.00108
 90.90,97.98946, 0.00107
 91.00,97.98956, 0.00105
 91.10,97.98967, 0.00104
 91.20,97.98978, 0.00103
 91.30,97.98988, 0.00102
 91.40,97.98997, 0.00101
 91.50,97.99007, 0.00100
 91.60,97.99017, 0.00099
 91.70,97.99027, 0.00098
 91.80,97.99037, 0.00097
 91.90,97.99047, 0.00096
 92.00,97.99056, 0.00095
 92.10,97.99065, 0.00094
 92.20,97.99075, 0.00093
 92.30,97.99084, 0.00093
 92.40,97.99093, 0.00092
 92.50,97.99102, 0.00091
 92.60,97.99111, 0.00090
 92.70,97.99120, 0.00089
 92.80,97.99129, 0.00088
 92.90,97.99138, 0.00087
 93.00,97.99146, 0.00086
 93.10,97.99155, 0.00085
 93.20,97.99163, 0.00085
 93.30,97.99171, 0.00084
 93.40,97.99180, 0.00083
 93.50,97.99188, 0.00082
 93.60,97.99197, 0.00081
 93.70,97.99205, 0.00080
 93.80,97.99213, 0.00080
 93.90,97.99220, 0.00079
 94.00,97.99228, 0.00078
 94.10,97.99236, 0.00077
 94.20,97.99243, 0.00076
 94.30,97.99251, 0.00076
 94.40,97.99258, 0.00075
 94.50,97.99266, 0.00074
 94.60,97.99274, 0.00073
 94.70,97.99281, 0.00073
 94.80,97.99288, 0.00072
 94.90,97.99295, 0.00071
 95.00,97.99302, 0.00071
 95.10,97.99309, 0.00070
 95.20,97.99316, 0.00069
 95.30,97.99323, 0.00068
 95.40,97.99329, 0.00068
 95.50,97.99336, 0.00067
 95.60,97.99343, 0.00066
 95.70,97.99350, 0.00066
 95.80,97.99357, 0.00065
 95.90,97.99363, 0.00064
 96.00,97.99369, 0.00064
 96.10,97.99375, 0.00063
 96.20,97.99381, 0.00062
 96.30,97.99387, 0.00062
 96.40,97.99393, 0.00061
 96.50,97.99400, 0.00061
 96.60,97.99406, 0.00060
 96.70,97.99412, 0.00059
 96.80,97.99418, 0.00059
 96.90,97.99424, 0.00058
 97.00,97.99430, 0.00058
 97.10,97.99435, 0.00057
 97.20,97.99441, 0.00056
 97.30,97.99446, 0.00056
 97.40,97.99451, 0.00055
 97.50,97.99457, 0.00055
 97.60,97.99462, 0.00054
 97.70,97.99467, 0.00054
 97.80,97.99473, 0.00053
 97.90,97.99478, 0.00053
 98.00,97.99483, 0.00052
 98.10,97.99489, 0.00052
 98.20,97.99494, 0.00051
 98.30,97.99500, 0.00051
 98.40,97.99505, 0.00050
 98.50,97.99509, 0.00050
 98.60,97.99514, 0.00049
 98.70,97.99519, 0.00049
 98.80,97.99523, 0.00048
 98.90,97.99528, 0.00048
 99.00,97.99532, 0.00047
 99.10,97.99537, 0.00047
 99.20,97.99541, 0.00046
 99.30,97.99546, 0.00046
 99.40,97.99551, 0.00045
 99.50,97.99555, 0.00045
 99.60,97.99560, 0.00044
 99.70,97.99564, 0.00044
 99.80,97.99569, 0.00044
 99.90,97.99574, 0.00043
